CREATE DATABASE  IF NOT EXISTS `pizzaria` /*!40100 DEFAULT CHARACTER SET utf8mb4 COLLATE utf8mb4_general_ci */;
USE `pizzaria`;
-- MySQL dump 10.13  Distrib 8.0.34, for Win64 (x86_64)
--
-- Host: 127.0.0.1    Database: pizzaria
-- ------------------------------------------------------
-- Server version	5.5.5-10.4.28-MariaDB

/*!40101 SET @OLD_CHARACTER_SET_CLIENT=@@CHARACTER_SET_CLIENT */;
/*!40101 SET @OLD_CHARACTER_SET_RESULTS=@@CHARACTER_SET_RESULTS */;
/*!40101 SET @OLD_COLLATION_CONNECTION=@@COLLATION_CONNECTION */;
/*!50503 SET NAMES utf8 */;
/*!40103 SET @OLD_TIME_ZONE=@@TIME_ZONE */;
/*!40103 SET TIME_ZONE='+00:00' */;
/*!40014 SET @OLD_UNIQUE_CHECKS=@@UNIQUE_CHECKS, UNIQUE_CHECKS=0 */;
/*!40014 SET @OLD_FOREIGN_KEY_CHECKS=@@FOREIGN_KEY_CHECKS, FOREIGN_KEY_CHECKS=0 */;
/*!40101 SET @OLD_SQL_MODE=@@SQL_MODE, SQL_MODE='NO_AUTO_VALUE_ON_ZERO' */;
/*!40111 SET @OLD_SQL_NOTES=@@SQL_NOTES, SQL_NOTES=0 */;

--
-- Table structure for table `bordas`
--

DROP TABLE IF EXISTS `bordas`;
/*!40101 SET @saved_cs_client     = @@character_set_client */;
/*!50503 SET character_set_client = utf8mb4 */;
CREATE TABLE `bordas` (
  `id` int(11) NOT NULL AUTO_INCREMENT,
  `tipo` varchar(100) DEFAULT NULL,
  PRIMARY KEY (`id`)
) ENGINE=InnoDB AUTO_INCREMENT=3 DEFAULT CHARSET=utf8mb4 COLLATE=utf8mb4_general_ci;
/*!40101 SET character_set_client = @saved_cs_client */;

--
-- Dumping data for table `bordas`
--

LOCK TABLES `bordas` WRITE;
/*!40000 ALTER TABLE `bordas` DISABLE KEYS */;
INSERT INTO `bordas` VALUES (1,'Cheddar'),(2,'Catupiry');
/*!40000 ALTER TABLE `bordas` ENABLE KEYS */;
UNLOCK TABLES;

--
-- Table structure for table `info`
--

DROP TABLE IF EXISTS `info`;
/*!40101 SET @saved_cs_client     = @@character_set_client */;
/*!50503 SET character_set_client = utf8mb4 */;
CREATE TABLE `info` (
  `id` int(11) NOT NULL AUTO_INCREMENT,
  `cpf` varchar(50) DEFAULT NULL,
  `nome` varchar(50) DEFAULT NULL,
  `endereco` varchar(100) DEFAULT NULL,
  PRIMARY KEY (`id`)
) ENGINE=InnoDB AUTO_INCREMENT=10 DEFAULT CHARSET=utf8mb4 COLLATE=utf8mb4_general_ci;
/*!40101 SET character_set_client = @saved_cs_client */;

--
-- Dumping data for table `info`
--

LOCK TABLES `info` WRITE;
/*!40000 ALTER TABLE `info` DISABLE KEYS */;
INSERT INTO `info` VALUES (1,'505.551.848-03','vinicius','rua serra 2'),(2,'505.551.848-03','vinicius','rua serra 2'),(3,'505.551.848-03','vinicius','rua serra 2'),(4,'505.551.848-03','vinicius','rua serra 2'),(5,'505.551.848-03','vinicius','rua serra 2'),(6,'404.449.811-23','vinicius','rua dois dois'),(7,'009.911.231-21','viniiasd','123232'),(8,'500.011.231-33','vinicius12','lulapreso'),(9,'160.419.738-23','Virginia ','Rua Serra, 25');
/*!40000 ALTER TABLE `info` ENABLE KEYS */;
UNLOCK TABLES;

--
-- Table structure for table `massas`
--

DROP TABLE IF EXISTS `massas`;
/*!40101 SET @saved_cs_client     = @@character_set_client */;
/*!50503 SET character_set_client = utf8mb4 */;
CREATE TABLE `massas` (
  `id` int(11) NOT NULL AUTO_INCREMENT,
  `tipo` varchar(100) DEFAULT NULL,
  PRIMARY KEY (`id`)
) ENGINE=InnoDB AUTO_INCREMENT=4 DEFAULT CHARSET=utf8mb4 COLLATE=utf8mb4_general_ci;
/*!40101 SET character_set_client = @saved_cs_client */;

--
-- Dumping data for table `massas`
--

LOCK TABLES `massas` WRITE;
/*!40000 ALTER TABLE `massas` DISABLE KEYS */;
INSERT INTO `massas` VALUES (1,'Massa comum'),(2,'Massa integral'),(3,'Massa temperada');
/*!40000 ALTER TABLE `massas` ENABLE KEYS */;
UNLOCK TABLES;

--
-- Table structure for table `pedidos`
--

DROP TABLE IF EXISTS `pedidos`;
/*!40101 SET @saved_cs_client     = @@character_set_client */;
/*!50503 SET character_set_client = utf8mb4 */;
CREATE TABLE `pedidos` (
  `id` int(11) NOT NULL AUTO_INCREMENT,
  `pizza_id` int(11) NOT NULL,
  `status_id` int(11) NOT NULL,
  `info_id` int(11) NOT NULL,
  PRIMARY KEY (`id`),
  KEY `pizza_id` (`pizza_id`),
  KEY `status_id` (`status_id`),
  KEY `info_id` (`info_id`),
  CONSTRAINT `pedidos_ibfk_1` FOREIGN KEY (`pizza_id`) REFERENCES `pizzas` (`id`),
  CONSTRAINT `pedidos_ibfk_2` FOREIGN KEY (`status_id`) REFERENCES `status` (`id`),
  CONSTRAINT `pedidos_ibfk_3` FOREIGN KEY (`info_id`) REFERENCES `info` (`id`)
) ENGINE=InnoDB AUTO_INCREMENT=10 DEFAULT CHARSET=utf8mb4 COLLATE=utf8mb4_general_ci;
/*!40101 SET character_set_client = @saved_cs_client */;

--
-- Dumping data for table `pedidos`
--

LOCK TABLES `pedidos` WRITE;
/*!40000 ALTER TABLE `pedidos` DISABLE KEYS */;
/*!40000 ALTER TABLE `pedidos` ENABLE KEYS */;
UNLOCK TABLES;

--
-- Table structure for table `pizza_sabor`
--

DROP TABLE IF EXISTS `pizza_sabor`;
/*!40101 SET @saved_cs_client     = @@character_set_client */;
/*!50503 SET character_set_client = utf8mb4 */;
CREATE TABLE `pizza_sabor` (
  `pizza_id` int(11) NOT NULL,
  `sabor_id` int(11) NOT NULL,
  KEY `pizza_id` (`pizza_id`),
  KEY `sabor_id` (`sabor_id`),
  CONSTRAINT `pizza_sabor_ibfk_1` FOREIGN KEY (`pizza_id`) REFERENCES `pizzas` (`id`),
  CONSTRAINT `pizza_sabor_ibfk_2` FOREIGN KEY (`sabor_id`) REFERENCES `sabores` (`id`)
) ENGINE=InnoDB DEFAULT CHARSET=utf8mb4 COLLATE=utf8mb4_general_ci;
/*!40101 SET character_set_client = @saved_cs_client */;

--
-- Dumping data for table `pizza_sabor`
--

LOCK TABLES `pizza_sabor` WRITE;
/*!40000 ALTER TABLE `pizza_sabor` DISABLE KEYS */;
INSERT INTO `pizza_sabor` VALUES (1,1),(2,2),(2,3),(3,2),(3,4),(3,6),(4,6),(5,1),(6,4),(7,6),(8,3),(9,7),(10,6),(11,1),(12,3),(13,2),(14,3),(15,4),(16,6),(16,7),(17,3),(18,2),(19,7),(20,3),(21,2),(22,3),(23,1),(24,4),(25,2),(26,2),(27,3),(28,3),(29,2),(30,6),(31,2),(32,1),(33,3),(34,7),(35,3),(36,3),(37,1),(38,2),(39,5),(40,5),(41,5),(42,5),(43,5),(44,2),(45,2),(46,4),(47,4),(48,3),(49,1),(49,3),(49,4),(50,7);
/*!40000 ALTER TABLE `pizza_sabor` ENABLE KEYS */;
UNLOCK TABLES;

--
-- Table structure for table `pizzas`
--

DROP TABLE IF EXISTS `pizzas`;
/*!40101 SET @saved_cs_client     = @@character_set_client */;
/*!50503 SET character_set_client = utf8mb4 */;
CREATE TABLE `pizzas` (
  `id` int(11) NOT NULL AUTO_INCREMENT,
  `borda_id` int(11) NOT NULL,
  `massa_id` int(11) NOT NULL,
  PRIMARY KEY (`id`),
  KEY `borda_id` (`borda_id`),
  KEY `massa_id` (`massa_id`),
  CONSTRAINT `pizzas_ibfk_1` FOREIGN KEY (`borda_id`) REFERENCES `bordas` (`id`),
  CONSTRAINT `pizzas_ibfk_2` FOREIGN KEY (`massa_id`) REFERENCES `massas` (`id`)
) ENGINE=InnoDB AUTO_INCREMENT=51 DEFAULT CHARSET=utf8mb4 COLLATE=utf8mb4_general_ci;
/*!40101 SET character_set_client = @saved_cs_client */;

--
-- Dumping data for table `pizzas`
--

LOCK TABLES `pizzas` WRITE;
/*!40000 ALTER TABLE `pizzas` DISABLE KEYS */;
INSERT INTO `pizzas` VALUES (1,2,1),(2,1,3),(3,1,1),(4,2,1),(5,2,2),(6,2,2),(7,2,1),(8,1,2),(9,2,1),(10,2,3),(11,1,1),(12,1,1),(13,1,3),(14,1,2),(15,1,1),(16,1,2),(17,1,2),(18,1,1),(19,1,2),(20,2,1),(21,1,1),(22,2,1),(23,1,1),(24,2,2),(25,1,2),(26,2,1),(27,1,2),(28,1,2),(29,1,2),(30,2,1),(31,1,2),(32,1,1),(33,1,3),(34,1,1),(35,1,1),(36,1,2),(37,1,2),(38,2,3),(39,1,1),(40,1,1),(41,1,1),(42,1,1),(43,1,1),(44,1,2),(45,1,2),(46,2,1),(47,2,1),(48,1,2),(49,2,1),(50,2,3);
/*!40000 ALTER TABLE `pizzas` ENABLE KEYS */;
UNLOCK TABLES;

--
-- Table structure for table `sabores`
--

DROP TABLE IF EXISTS `sabores`;
/*!40101 SET @saved_cs_client     = @@character_set_client */;
/*!50503 SET character_set_client = utf8mb4 */;
CREATE TABLE `sabores` (
  `id` int(11) NOT NULL AUTO_INCREMENT,
  `nome` varchar(100) DEFAULT NULL,
  PRIMARY KEY (`id`)
) ENGINE=InnoDB AUTO_INCREMENT=8 DEFAULT CHARSET=utf8mb4 COLLATE=utf8mb4_general_ci;
/*!40101 SET character_set_client = @saved_cs_client */;

--
-- Dumping data for table `sabores`
--

LOCK TABLES `sabores` WRITE;
/*!40000 ALTER TABLE `sabores` DISABLE KEYS */;
INSERT INTO `sabores` VALUES (1,'4 Queijos'),(2,'Frango com Catupiry'),(3,'Calabresa'),(4,'Lombinho'),(5,'Filé com Cheddar'),(6,'Portuguesa'),(7,'Marghetira');
/*!40000 ALTER TABLE `sabores` ENABLE KEYS */;
UNLOCK TABLES;

--
-- Table structure for table `status`
--

DROP TABLE IF EXISTS `status`;
/*!40101 SET @saved_cs_client     = @@character_set_client */;
/*!50503 SET character_set_client = utf8mb4 */;
CREATE TABLE `status` (
  `id` int(11) NOT NULL AUTO_INCREMENT,
  `tipo` varchar(100) DEFAULT NULL,
  PRIMARY KEY (`id`)
) ENGINE=InnoDB AUTO_INCREMENT=4 DEFAULT CHARSET=utf8mb4 COLLATE=utf8mb4_general_ci;
/*!40101 SET character_set_client = @saved_cs_client */;

--
-- Dumping data for table `status`
--

LOCK TABLES `status` WRITE;
/*!40000 ALTER TABLE `status` DISABLE KEYS */;
INSERT INTO `status` VALUES (1,'Em produção'),(2,'Em entrega'),(3,'Concluído');
/*!40000 ALTER TABLE `status` ENABLE KEYS */;
UNLOCK TABLES;
/*!40103 SET TIME_ZONE=@OLD_TIME_ZONE */;

/*!40101 SET SQL_MODE=@OLD_SQL_MODE */;
/*!40014 SET FOREIGN_KEY_CHECKS=@OLD_FOREIGN_KEY_CHECKS */;
/*!40014 SET UNIQUE_CHECKS=@OLD_UNIQUE_CHECKS */;
/*!40101 SET CHARACTER_SET_CLIENT=@OLD_CHARACTER_SET_CLIENT */;
/*!40101 SET CHARACTER_SET_RESULTS=@OLD_CHARACTER_SET_RESULTS */;
/*!40101 SET COLLATION_CONNECTION=@OLD_COLLATION_CONNECTION */;
/*!40111 SET SQL_NOTES=@OLD_SQL_NOTES */;

-- Dump completed on 2023-12-03 21:50:42
